Eva,Robin,Sylvain,Jeanne
-8.333333333333334,16.666666666666668,-8.333333333333334,0.0
-12.5,-12.5,37.5,-12.5
